{
  "mse": 0.08656790107488632,
  "rmse": 0.294224236042659,
  "mae": 0.16303417086601257,
  "r2": 0.1765059232711792,
  "mape": 70694848.0,
  "mean_error": -0.00878168921917677,
  "std_error": 0.29409316182136536,
  "max_error": 1.0
}