{
  "mse": 0.01816006936132908,
  "rmse": 0.13475930157628851,
  "mae": 0.06154363974928856,
  "r2": 0.8272488117218018,
  "mape": 2440581.0,
  "mean_error": -0.034109726548194885,
  "std_error": 0.13037098944187164,
  "max_error": 1.0
}