wind_speed_bin,mae,count
"(-0.0248, 3.096]",0.0035486177,281137
"(3.096, 6.185]",0.051549178,698745
"(6.185, 9.275]",0.09023019,663982
"(9.275, 12.364]",0.09062563,278282
"(12.364, 15.453]",0.014595835,66155
"(15.453, 18.543]",0.0038708004,15494
"(18.543, 21.632]",0.016262919,3226
"(21.632, 24.722]",0.5590556,598
"(24.722, 27.811]",0.041270766,155
"(27.811, 30.901]",4.8204056e-06,18
